Title,Author,Genre
Book 1,Author 1,Genre 2
Book 2,Author 2,Genre 3
Book 3,Author 3,Genre 4
Book 4,Author 4,Genre 5
Book 5,Author 5,Genre 1
Book 6,Author 6,Genre 2
Book 7,Author 7,Genre 3
Book 8,Author 8,Genre 4
Book 9,Author 9,Genre 5
Book 10,Author 10,Genre 1
Book 11,Author 11,Genre 2
Book 12,Author 12,Genre 3
Book 13,Author 13,Genre 4
Book 14,Author 14,Genre 5
Book 15,Author 15,Genre 1
Book 16,Author 16,Genre 2
Book 17,Author 17,Genre 3
Book 18,Author 18,Genre 4
Book 19,Author 19,Genre 5
Book 20,Author 20,Genre 1
Book 21,Author 21,Genre 2
Book 22,Author 22,Genre 3
Book 23,Author 23,Genre 4
Book 24,Author 24,Genre 5
Book 25,Author 25,Genre 1
Book 26,Author 26,Genre 2
Book 27,Author 27,Genre 3
Book 28,Author 28,Genre 4
Book 29,Author 29,Genre 5
Book 30,Author 30,Genre 1
Book 31,Author 31,Genre 2
Book 32,Author 32,Genre 3
Book 33,Author 33,Genre 4
Book 34,Author 34,Genre 5
Book 35,Author 35,Genre 1
Book 36,Author 36,Genre 2
Book 37,Author 37,Genre 3
Book 38,Author 38,Genre 4
Book 39,Author 39,Genre 5
Book 40,Author 40,Genre 1
Book 41,Author 41,Genre 2
Book 42,Author 42,Genre 3
Book 43,Author 43,Genre 4
Book 44,Author 44,Genre 5
Book 45,Author 45,Genre 1
Book 46,Author 46,Genre 2
Book 47,Author 47,Genre 3
Book 48,Author 48,Genre 4
Book 49,Author 49,Genre 5
Book 50,Author 50,Genre 1
